{
  "average_macro_f1": 0.4687759559841603,
  "classification_report_per_class": [
    {
      "class": "Q11_2",
      "precision": 0.5713964368964372,
      "recall": 0.7525,
      "f1_score": 0.6446542540706628,
      "support": 8
    },
    {
      "class": "Q11_1",
      "precision": 0.4136944444444444,
      "recall": 0.24666666666666665,
      "f1_score": 0.29289765789765776,
      "support": 6
    }
  ]
}