{
  "average_macro_f1": 0.5069813629782671,
  "classification_report_per_class": [
    {
      "class": "Q11_2",
      "precision": 0.5953869463869464,
      "recall": 0.7,
      "f1_score": 0.6355821620759695,
      "support": 8
    },
    {
      "class": "Q11_1",
      "precision": 0.45227777777777767,
      "recall": 0.3516666666666665,
      "f1_score": 0.3783805638805635,
      "support": 6
    }
  ]
}