{
  "learn": {
    "Logloss": [
      0.6909471658559946,
      0.6872793344350961,
      0.6832462457510141,
      0.681201274578388,
      0.6768148862398587,
      0.6736847804142878,
      0.6697893142700195,
      0.6666626563439002,
      0.6626253128051758,
      0.6607346901526818,
      0.6584722078763522,
      0.6540418771597055,
      0.6502780914306641,
      0.6472262602586013,
      0.6451297906728891,
      0.6400714287391076,
      0.6359980656550481,
      0.6328125,
      0.6278799497164212,
      0.6242216550386869,
      0.6225346785325271,
      0.6194348702063928,
      0.6172399520874023,
      0.6148339051466721,
      0.6111427453848032,
      0.6081992662869967,
      0.6052886522733248,
      0.6039006159855769,
      0.6016161258404071,
      0.5993496087881235,
      0.5955208264864408,
      0.5929215504572942,
      0.5902214050292969,
      0.5870845501239483,
      0.5857147803673377,
      0.5810852784376878,
      0.5781448437617376,
      0.5763992162851187,
      0.5726061600905198,
      0.5709736897395208
    ],
    "F1": [
      0.9846153846153847,
      0.9770992366412213,
      0.9922480620155039,
      1.0,
      1.0,
      0.9921259842519685,
      1.0,
      1.0,
      1.0,
      1.0,
      1.0,
      1.0,
      1.0,
      1.0,
      1.0,
      1.0,
      1.0,
      1.0,
      1.0,
      1.0,
      1.0,
      1.0,
      1.0,
      1.0,
      1.0,
      1.0,
      1.0,
      1.0,
      1.0,
      1.0,
      1.0,
      1.0,
      1.0,
      1.0,
      1.0,
      1.0,
      1.0,
      1.0,
      1.0,
      1.0
    ]
  },
  "validation": {
    "Logloss": [
      0.6927629617544321,
      0.6931057709913987,
      0.6915243588961087,
      0.6903734940748948,
      0.6889539865347055,
      0.6874669881967398,
      0.6852125754723182,
      0.6843979175274189,
      0.6829597766582782,
      0.6817720119769757,
      0.6809952075664814,
      0.6789613870474008,
      0.6793088912963867,
      0.67645447070782,
      0.6759223204392654,
      0.6727849520169772,
      0.6699049289409931,
      0.6693713114811823,
      0.6651584918682392,
      0.6633988893949069,
      0.6622420090895432,
      0.6603557880108173,
      0.6587839860182542,
      0.657313713660607,
      0.6553872915414664,
      0.6525895778949444,
      0.6504233433650091,
      0.6504897337693435,
      0.6490007547231821,
      0.6480214045597956,
      0.6458771778987005,
      0.6449165344238281,
      0.6435839579655573,
      0.6421919602614182,
      0.6419605842003455,
      0.6393623352050781,
      0.637957132779635,
      0.6373461209810697,
      0.6361824915959284,
      0.635210917546199
    ],
    "F1": [
      0.7368421052631579,
      0.3076923076923077,
      0.7058823529411765,
      0.7058823529411765,
      0.888888888888889,
      0.8421052631578948,
      0.888888888888889,
      0.8,
      0.8421052631578948,
      0.8421052631578948,
      0.8421052631578948,
      0.888888888888889,
      0.888888888888889,
      0.888888888888889,
      0.888888888888889,
      0.888888888888889,
      0.8421052631578948,
      0.8421052631578948,
      0.8421052631578948,
      0.888888888888889,
      0.888888888888889,
      0.888888888888889,
      0.888888888888889,
      0.888888888888889,
      0.888888888888889,
      0.888888888888889,
      0.888888888888889,
      0.888888888888889,
      0.888888888888889,
      0.888888888888889,
      0.888888888888889,
      0.888888888888889,
      0.888888888888889,
      0.888888888888889,
      0.888888888888889,
      0.888888888888889,
      0.888888888888889,
      0.888888888888889,
      0.888888888888889,
      0.888888888888889
    ]
  },
  "best_iteration": 4,
  "train_metric_at_best": 0.6768148862398587,
  "val_metric_at_best": 0.6889539865347055
}