{
  "average_macro_f1": 0.2585126220743779,
  "classification_report_per_class": [
    {
      "class": "Q154_1",
      "precision": 0.29846998660005764,
      "recall": 0.2966666666666667,
      "f1_score": 0.2922564572987265,
      "support": 15
    },
    {
      "class": "Q154_2",
      "precision": 0.2625024330674485,
      "recall": 0.259375,
      "f1_score": 0.25867496492635533,
      "support": 16
    },
    {
      "class": "Q154_3",
      "precision": 0.24123074616302173,
      "recall": 0.2384615384615385,
      "f1_score": 0.23360860301288264,
      "support": 13
    },
    {
      "class": "Q154_4",
      "precision": 0.24955878272054738,
      "recall": 0.259375,
      "f1_score": 0.2495104630595475,
      "support": 16
    }
  ]
}