{
  "average_macro_f1": 0.26646923711789466,
  "classification_report_per_class": [
    {
      "class": "Q154_1",
      "precision": 0.29944572970888755,
      "recall": 0.25333333333333335,
      "f1_score": 0.2707713832033106,
      "support": 15
    },
    {
      "class": "Q154_2",
      "precision": 0.281501790035543,
      "recall": 0.3625,
      "f1_score": 0.3141344678381928,
      "support": 16
    },
    {
      "class": "Q154_3",
      "precision": 0.2230629786879787,
      "recall": 0.15769230769230771,
      "f1_score": 0.17763568964613796,
      "support": 13
    },
    {
      "class": "Q154_4",
      "precision": 0.29086149045051657,
      "recall": 0.325,
      "f1_score": 0.30333540778393714,
      "support": 16
    }
  ]
}