{
  "average_macro_f1": 0.21842195676270754,
  "classification_report_per_class": [
    {
      "class": "Q69_1",
      "precision": 0.2600882450882451,
      "recall": 0.3357142857142857,
      "f1_score": 0.28975373482726424,
      "support": 7
    },
    {
      "class": "Q69_2",
      "precision": 0.25501082251082247,
      "recall": 0.28125,
      "f1_score": 0.25998998077945445,
      "support": 8
    },
    {
      "class": "Q69_3",
      "precision": 0.1450595238095238,
      "recall": 0.1,
      "f1_score": 0.11564324564324564,
      "support": 6
    },
    {
      "class": "Q69_4",
      "precision": 0.22261904761904763,
      "recall": 0.21000000000000002,
      "f1_score": 0.20830086580086582,
      "support": 5
    }
  ]
}