{
  "average_macro_f1": 0.17943457804235668,
  "classification_report_per_class": [
    {
      "class": "Q69_1",
      "precision": 0.23970057720057722,
      "recall": 0.3428571428571429,
      "f1_score": 0.2756647123945886,
      "support": 7
    },
    {
      "class": "Q69_2",
      "precision": 0.20814574314574313,
      "recall": 0.2625,
      "f1_score": 0.22899576257935395,
      "support": 8
    },
    {
      "class": "Q69_3",
      "precision": 0.12992424242424244,
      "recall": 0.075,
      "f1_score": 0.08898692810457516,
      "support": 6
    },
    {
      "class": "Q69_4",
      "precision": 0.16714285714285715,
      "recall": 0.12,
      "f1_score": 0.12409090909090907,
      "support": 5
    }
  ]
}