{
  "average_macro_f1": 0.4597981185481186,
  "classification_report_per_class": [
    {
      "class": "Q8_2",
      "precision": 0.3848928571428572,
      "recall": 0.4025,
      "f1_score": 0.3712835497835497,
      "support": 4
    },
    {
      "class": "Q8_1",
      "precision": 0.5760396825396823,
      "recall": 0.5533333333333332,
      "f1_score": 0.548312687312687,
      "support": 6
    }
  ]
}