{
  "learn": {
    "Logloss": [
      0.6671683971698468,
      0.6553880984966571,
      0.6265732691838191,
      0.6170736459585336,
      0.6052090204679049,
      0.5959668526282678,
      0.5842985740074744,
      0.5778501217181866,
      0.5626440781813401,
      0.5557760091928335,
      0.5468478202819824,
      0.5290365585914025,
      0.5225187815152682,
      0.5112314224243164,
      0.49791816564706654,
      0.48282029078556943,
      0.47657482440655047,
      0.4684432103083684,
      0.45413615153386044,
      0.4509710898766151,
      0.42835341967069185,
      0.4251578404353215,
      0.4222864004281851,
      0.414701718550462,
      0.408292476947491,
      0.3897242546081543,
      0.3833933610182542,
      0.37805630610539365,
      0.3718373958881085,
      0.3662166962256798,
      0.35753114406879133,
      0.35388895181509167,
      0.35035001314603365,
      0.34569461529071516,
      0.3387439801142766,
      0.3360302631671612,
      0.32990543658916766,
      0.3261708846459022,
      0.3223702357365535
    ],
    "F1": [
      0.962962962962963,
      0.8999999999999999,
      0.9655172413793104,
      0.9655172413793104,
      0.9824561403508771,
      0.9491525423728813,
      0.9655172413793104,
      0.9642857142857143,
      0.9824561403508771,
      1.0,
      1.0,
      1.0,
      1.0,
      1.0,
      1.0,
      1.0,
      1.0,
      1.0,
      1.0,
      1.0,
      1.0,
      1.0,
      1.0,
      1.0,
      1.0,
      1.0,
      1.0,
      1.0,
      1.0,
      1.0,
      1.0,
      1.0,
      1.0,
      1.0,
      1.0,
      1.0,
      1.0,
      1.0,
      1.0
    ]
  },
  "validation": {
    "Logloss": [
      0.6894575119018554,
      0.6962000846862793,
      0.6793888092041016,
      0.6759781837463379,
      0.6751713752746582,
      0.6707647323608399,
      0.6631314277648925,
      0.6625429153442383,
      0.6534777641296386,
      0.6496088027954101,
      0.6482008934020996,
      0.6267402172088623,
      0.6295427322387696,
      0.628997802734375,
      0.6212103843688965,
      0.6170429229736328,
      0.6160421371459961,
      0.6108150959014893,
      0.6166248798370362,
      0.6157352447509765,
      0.6043118476867676,
      0.6010825157165527,
      0.5997752189636231,
      0.6000511169433593,
      0.5997693061828613,
      0.5953249454498291,
      0.5960623741149902,
      0.5958335876464844,
      0.5962532997131348,
      0.6011582374572754,
      0.5993209838867187,
      0.592770004272461,
      0.5952045440673828,
      0.5934916973114014,
      0.5892920970916748,
      0.5912428855895996,
      0.5863866329193115,
      0.5807772636413574,
      0.5806383609771728
    ],
    "F1": [
      0.5454545454545454,
      0.6153846153846153,
      0.8,
      0.8,
      0.8,
      0.8,
      0.8,
      0.8,
      0.8571428571428571,
      0.8571428571428571,
      0.8571428571428571,
      0.8,
      0.8,
      0.8,
      0.8,
      0.8571428571428571,
      0.8571428571428571,
      0.8571428571428571,
      0.8571428571428571,
      0.8571428571428571,
      0.8,
      0.8,
      0.8,
      0.8571428571428571,
      0.8,
      0.7692307692307692,
      0.7692307692307692,
      0.7692307692307692,
      0.7692307692307692,
      0.7692307692307692,
      0.7692307692307692,
      0.7692307692307692,
      0.7692307692307692,
      0.7692307692307692,
      0.7692307692307692,
      0.7692307692307692,
      0.8571428571428571,
      0.8571428571428571,
      0.8571428571428571
    ]
  },
  "best_iteration": 8,
  "train_metric_at_best": 0.5626440781813401,
  "val_metric_at_best": 0.6534777641296386
}