{
  "average_macro_f1": 0.22638502394320104,
  "classification_report_per_class": [
    {
      "class": "Q152_1",
      "precision": 0.19560467310467308,
      "recall": 0.15000000000000002,
      "f1_score": 0.16360634060156204,
      "support": 10
    },
    {
      "class": "Q152_2",
      "precision": 0.11333333333333333,
      "recall": 0.06875,
      "f1_score": 0.08498168498168499,
      "support": 8
    },
    {
      "class": "Q152_3",
      "precision": 0.23452922077922075,
      "recall": 0.14444444444444443,
      "f1_score": 0.1615565189286417,
      "support": 9
    },
    {
      "class": "Q152_4",
      "precision": 0.4067879035028693,
      "recall": 0.6441176470588236,
      "f1_score": 0.49539555126091556,
      "support": 17
    }
  ]
}