{
  "average_macro_f1": 0.2378747051569276,
  "classification_report_per_class": [
    {
      "class": "Q152_1",
      "precision": 0.18814539627039623,
      "recall": 0.23499999999999996,
      "f1_score": 0.20405907162676243,
      "support": 10
    },
    {
      "class": "Q152_2",
      "precision": 0.15284798534798535,
      "recall": 0.18125,
      "f1_score": 0.16176451496783978,
      "support": 8
    },
    {
      "class": "Q152_3",
      "precision": 0.2776197413697413,
      "recall": 0.31111111111111106,
      "f1_score": 0.2849316554058107,
      "support": 9
    },
    {
      "class": "Q152_4",
      "precision": 0.3400498482425727,
      "recall": 0.27647058823529413,
      "f1_score": 0.3007435786272975,
      "support": 17
    }
  ]
}