{
  "average_macro_f1": 0.22036069751118573,
  "classification_report_per_class": [
    {
      "class": "Q65_1",
      "precision": 0.14123015873015873,
      "recall": 0.12857142857142853,
      "f1_score": 0.1308366427174477,
      "support": 7
    },
    {
      "class": "Q65_2",
      "precision": 0.10505952380952381,
      "recall": 0.14000000000000004,
      "f1_score": 0.11320318570318573,
      "support": 5
    },
    {
      "class": "Q65_3",
      "precision": 0.3498634535399241,
      "recall": 0.32272727272727264,
      "f1_score": 0.320225874139579,
      "support": 11
    },
    {
      "class": "Q65_4",
      "precision": 0.3272996447996448,
      "recall": 0.31923076923076926,
      "f1_score": 0.3171770874845305,
      "support": 13
    }
  ]
}