{
  "average_macro_f1": 0.2467619345586872,
  "classification_report_per_class": [
    {
      "class": "Q65_1",
      "precision": 0.18832070707070708,
      "recall": 0.22142857142857136,
      "f1_score": 0.20020358683284378,
      "support": 7
    },
    {
      "class": "Q65_2",
      "precision": 0.15156746031746032,
      "recall": 0.18,
      "f1_score": 0.15872766122766122,
      "support": 5
    },
    {
      "class": "Q65_3",
      "precision": 0.3122431734931735,
      "recall": 0.28181818181818175,
      "f1_score": 0.2880687785987961,
      "support": 11
    },
    {
      "class": "Q65_4",
      "precision": 0.37061355311355315,
      "recall": 0.31923076923076926,
      "f1_score": 0.3400477115754477,
      "support": 13
    }
  ]
}