{
  "average_macro_f1": 0.2349479267077951,
  "classification_report_per_class": [
    {
      "class": "Q70_1",
      "precision": 0.13083333333333333,
      "recall": 0.15,
      "f1_score": 0.12928571428571428,
      "support": 2
    },
    {
      "class": "Q70_2",
      "precision": 0.35634171384171376,
      "recall": 0.39375,
      "f1_score": 0.3681301575961018,
      "support": 8
    },
    {
      "class": "Q70_3",
      "precision": 0.4058134920634921,
      "recall": 0.40625,
      "f1_score": 0.3973758349493643,
      "support": 8
    },
    {
      "class": "Q70_4",
      "precision": 0.075,
      "recall": 0.03333333333333333,
      "f1_score": 0.045,
      "support": 3
    }
  ]
}